ğŸ‡¬ğŸ‡±,GL,Greenland,America
ğŸ‡®ğŸ‡¸,IS,Iceland,Europe
ğŸ‡®ğŸ‡ª,IE,Ireland,Europe
ğŸ‡¦ğŸ‡¿,AZ,Azerbaijan,Asia
ğŸ‡¦ğŸ‡«,AF,Afghanistan,Asia
ğŸ‡ºğŸ‡¸,US,United States,America
ğŸ‡¦ğŸ‡ª,AE,United Arab Emirates,Asia
ğŸ‡©ğŸ‡¿,DZ,Algeria,Africa
ğŸ‡¦ğŸ‡·,AR,Argentina,America
ğŸ‡¦ğŸ‡±,AL,Albania,Europe
ğŸ‡¦ğŸ‡²,AM,Armenia,Asia
ğŸ‡¦ğŸ‡´,AO,Angola,Africa
ğŸ‡¦ğŸ‡¬,AG,#Antigua & Barbuda,America
ğŸ‡¦ğŸ‡©,AD,#Andorra,Europe
ğŸ‡¾ğŸ‡ª,YE,Yemen,Asia
ğŸ‡¬ğŸ‡§,GB,United Kingdom,Europe
ğŸ‡®ğŸ‡±,IL,Israel,Asia
ğŸ‡®ğŸ‡¹,IT,Italy,Europe
ğŸ‡®ğŸ‡¶,IQ,Iraq,Asia
ğŸ‡®ğŸ‡·,IR,Iran,Asia
ğŸ‡®ğŸ‡³,IN,India,Asia
ğŸ‡®ğŸ‡©,ID,Indonesia,Asia
ğŸ‡ºğŸ‡¬,UG,Uganda,Africa
ğŸ‡ºğŸ‡¦,UA,Ukraine,Europe
ğŸ‡ºğŸ‡¿,UZ,Uzbekistan,Asia
ğŸ‡ºğŸ‡¾,UY,Uruguay,America
ğŸ‡ªğŸ‡¨,EC,Ecuador,America
ğŸ‡ªğŸ‡¬,EG,Egypt,Africa
ğŸ‡ªğŸ‡ª,EE,Estonia,Europe
ğŸ‡¸ğŸ‡¿,SZ,#Eswatini,Africa
ğŸ‡ªğŸ‡¹,ET,Ethiopia,Africa
ğŸ‡ªğŸ‡·,ER,Eritrea,Africa
ğŸ‡¸ğŸ‡»,SV,El Salvador,America
ğŸ‡¦ğŸ‡º,AU,Australia,Oceania
ğŸ‡¦ğŸ‡¹,AT,Austria,Europe
ğŸ‡´ğŸ‡²,OM,Oman,Asia
ğŸ‡³ğŸ‡±,NL,Netherlands,Europe
ğŸ‡¬ğŸ‡­,GH,Ghana,Africa
ğŸ‡¨ğŸ‡»,CV,#Cape Verde,Africa
ğŸ‡¬ğŸ‡¾,GY,Guyana,America
ğŸ‡°ğŸ‡¿,KZ,Kazakhstan,Asia
ğŸ‡¶ğŸ‡¦,QA,#Qatar,Asia
ğŸ‡¨ğŸ‡¦,CA,Canada,America
ğŸ‡¬ğŸ‡¦,GA,Gabon,Africa
ğŸ‡¨ğŸ‡²,CM,Cameroon,Africa
ğŸ‡°ğŸ‡·,KR,South Korea,Asia
ğŸ‡¬ğŸ‡²,GM,#Gambia,Africa
ğŸ‡°ğŸ‡­,KH,Cambodia,Asia
ğŸ‡°ğŸ‡µ,KP,North Korea,Asia
ğŸ‡²ğŸ‡°,MK,North Macedonia,Europe
ğŸ‡¬ğŸ‡³,GN,Guinea,Africa
ğŸ‡¬ğŸ‡¼,GW,Guinea-Bissau,Africa
ğŸ‡¨ğŸ‡¾,CY,#Cyprus,Asia
ğŸ‡¨ğŸ‡º,CU,Cuba,America
ğŸ‡¬ğŸ‡·,GR,Greece,Europe
ğŸ‡°ğŸ‡®,KI,#Kiribati,Oceania
ğŸ‡°ğŸ‡¬,KG,Kyrgyzstan,Asia
ğŸ‡¬ğŸ‡¹,GT,Guatemala,America
ğŸ‡°ğŸ‡¼,KW,#Kuwait,Asia
ğŸ‡¨ğŸ‡°,CK,#Cook Islands,Oceania
ğŸ‡¬ğŸ‡©,GD,#Grenada,America
ğŸ‡­ğŸ‡·,HR,Croatia,Europe
ğŸ‡°ğŸ‡ª,KE,Kenya,Africa
ğŸ‡¨ğŸ‡®,CI,CÃ´te dâ€™Ivoire,Africa
ğŸ‡¨ğŸ‡·,CR,Costa Rica,America
ğŸ‡°ğŸ‡²,#KM,Comoros,Africa
ğŸ‡¨ğŸ‡´,CO,Colombia,America
ğŸ‡¨ğŸ‡¬,CG,Congo (Brazzaville),Africa
ğŸ‡¨ğŸ‡©,CD,Congo (Kinshasa),Africa
ğŸ‡¸ğŸ‡¦,SA,Saudi Arabia,Asia
ğŸ‡¼ğŸ‡¸,#WS,Samoa,Oceania
ğŸ‡¸ğŸ‡¹,#ST,SÃ£o TomÃ© & PrÃ­ncipe,Africa
ğŸ‡¿ğŸ‡²,ZM,Zambia,Africa
ğŸ‡¸ğŸ‡²,#SM,San Marino,Europe
ğŸ‡¸ğŸ‡±,SL,Sierra Leone,Africa
ğŸ‡©ğŸ‡¯,DJ,Djibouti,Africa
ğŸ‡¯ğŸ‡²,#JM,Jamaica,America
ğŸ‡¬ğŸ‡ª,GE,Georgia,Asia
ğŸ‡¸ğŸ‡¾,SY,Syria,Asia
ğŸ‡¸ğŸ‡¬,#SG,Singapore,Asia
ğŸ‡¿ğŸ‡¼,ZW,Zimbabwe,Africa
ğŸ‡¨ğŸ‡­,CH,Switzerland,Europe
ğŸ‡¸ğŸ‡ª,SE,Sweden,Europe
ğŸ‡¸ğŸ‡©,SD,Sudan,Africa
ğŸ‡ªğŸ‡¸,ES,Spain,Europe
ğŸ‡¸ğŸ‡·,SR,Suriname,America
ğŸ‡±ğŸ‡°,LK,Sri Lanka,Asia
ğŸ‡¸ğŸ‡°,SK,Slovakia,Europe
ğŸ‡¸ğŸ‡®,SI,Slovenia,Europe
ğŸ‡¸ğŸ‡¨,SC,#Seychelles,Africa
ğŸ‡¬ğŸ‡¶,GQ,Equatorial Guinea,Africa
ğŸ‡¸ğŸ‡³,SN,Senegal,Africa
ğŸ‡·ğŸ‡¸,RS,Serbia,Europe
ğŸ‡°ğŸ‡³,KN,#St. Kitts & Nevis,America
ğŸ‡»ğŸ‡¨,VC,#St. Vincent & Grenadines,America
ğŸ‡±ğŸ‡¨,LC,#St. Lucia,America
ğŸ‡¸ğŸ‡´,SO,Somalia,Africa
ğŸ‡¸ğŸ‡§,SB,Solomon Islands,Oceania
ğŸ‡¹ğŸ‡­,TH,Thailand,Asia
ğŸ‡¹ğŸ‡¯,TJ,Tajikistan,Asia
ğŸ‡¹ğŸ‡¿,TZ,Tanzania,Africa
ğŸ‡¨ğŸ‡¿,CZ,Czechia,Europe
ğŸ‡¹ğŸ‡©,TD,Chad,Africa
ğŸ‡¨ğŸ‡«,CF,Central African Republic,Africa
ğŸ‡¨ğŸ‡³,CN,China,Asia
ğŸ‡¹ğŸ‡¼,TW,Taiwan,Asia
ğŸ‡¹ğŸ‡³,TN,Tunisia,Africa
ğŸ‡¨ğŸ‡±,CL,Chile,America
ğŸ‡¹ğŸ‡»,TV,#Tuvalu,Oceania
ğŸ‡©ğŸ‡°,DK,Denmark,Europe
ğŸ‡©ğŸ‡ª,DE,Germany,Europe
ğŸ‡¹ğŸ‡¬,TG,Togo,Africa
ğŸ‡©ğŸ‡´,DO,Dominican Republic,America
ğŸ‡©ğŸ‡²,DM,#Dominica,America
ğŸ‡¹ğŸ‡¹,TT,#Trinidad & Tobago,America
ğŸ‡¹ğŸ‡²,TM,Turkmenistan,Asia
ğŸ‡¹ğŸ‡·,TR,Turkey,Asia
ğŸ‡¹ğŸ‡´,TO,#Tonga,Oceania
ğŸ‡³ğŸ‡¬,NG,Nigeria,Africa
ğŸ‡³ğŸ‡·,NR,#Nauru,Oceania
ğŸ‡³ğŸ‡¦,NA,Namibia,Africa
ğŸ‡³ğŸ‡º,NU,#Niue,Oceania
ğŸ‡³ğŸ‡®,NI,Nicaragua,America
ğŸ‡³ğŸ‡ª,NE,Niger,Africa
ğŸ‡ªğŸ‡­,EH,Western Sahara,Africa
ğŸ‡¯ğŸ‡µ,JP,Japan,Asia
ğŸ‡³ğŸ‡¿,NZ,New Zealand,Oceania
ğŸ‡³ğŸ‡µ,NP,Nepal,Asia
ğŸ‡³ğŸ‡´,NO,Norway,Europe
ğŸ‡§ğŸ‡­,BH,#Bahrain,Asia
ğŸ‡­ğŸ‡¹,HT,Haiti,America
ğŸ‡µğŸ‡°,PK,Pakistan,Asia
ğŸ‡»ğŸ‡¦,VA,#Vatican City,Europe
ğŸ‡µğŸ‡¦,PA,Panama,America
ğŸ‡»ğŸ‡º,VU,#Vanuatu,Oceania
ğŸ‡§ğŸ‡¸,BS,#Bahamas,America
ğŸ‡µğŸ‡¬,PG,Papua New Guinea,Oceania
ğŸ‡µğŸ‡¼,PW,#Palau,Oceania
ğŸ‡µğŸ‡¾,PY,Paraguay,America
ğŸ‡§ğŸ‡§,BB,#Barbados,America
ğŸ‡µğŸ‡¸,PS,#Palestinian Territories,Asia
ğŸ‡­ğŸ‡º,HU,Hungary,Europe
ğŸ‡§ğŸ‡©,BD,Bangladesh,Asia
ğŸ‡¹ğŸ‡±,TL,#Timor-Leste,Asia
ğŸ‡«ğŸ‡¯,FJ,#Fiji,Oceania
ğŸ‡µğŸ‡­,PH,Philippines,Asia
ğŸ‡«ğŸ‡®,FI,Finland,Europe
ğŸ‡§ğŸ‡¹,BT,Bhutan,Asia
ğŸ‡§ğŸ‡·,BR,Brazil,America
ğŸ‡«ğŸ‡·,FR,France,Europe
ğŸ‡§ğŸ‡¬,BG,Bulgaria,Europe
ğŸ‡§ğŸ‡«,BF,Burkina Faso,Africa
ğŸ‡§ğŸ‡³,BN,#Brunei,Asia
ğŸ‡§ğŸ‡®,BI,Burundi,Africa
ğŸ‡»ğŸ‡³,VN,Vietnam,Asia
ğŸ‡§ğŸ‡¯,BJ,Benin,Africa
ğŸ‡»ğŸ‡ª,VE,Venezuela,America
ğŸ‡§ğŸ‡¾,BY,Belarus,Europe
ğŸ‡§ğŸ‡¿,BZ,Belize,America
ğŸ‡µğŸ‡ª,PE,Peru,America
ğŸ‡§ğŸ‡ª,BE,Belgium,Europe
ğŸ‡µğŸ‡±,PL,Poland,Europe
ğŸ‡§ğŸ‡¦,BA,Bosnia & Herzegovina,Europe
ğŸ‡§ğŸ‡¼,BW,Botswana,Africa
ğŸ‡§ğŸ‡´,BO,Bolivia,America
ğŸ‡µğŸ‡¹,PT,Portugal,Europe
ğŸ‡­ğŸ‡³,HN,Honduras,America
ğŸ‡²ğŸ‡­,MH,#Marshall Islands,Oceania
ğŸ‡²ğŸ‡¬,MG,Madagascar,Africa
ğŸ‡²ğŸ‡¼,MW,Malawi,Africa
ğŸ‡²ğŸ‡±,ML,Mali,Africa
ğŸ‡²ğŸ‡¹,MT,#Malta,Europe
ğŸ‡²ğŸ‡¾,MY,Malaysia,Asia
ğŸ‡«ğŸ‡²,FM,#Micronesia,Oceania
ğŸ‡¿ğŸ‡¦,ZA,South Africa,Africa
ğŸ‡¸ğŸ‡¸,SS,South Sudan,Africa
ğŸ‡²ğŸ‡²,MM,Myanmar,Asia
ğŸ‡²ğŸ‡½,MX,Mexico,America
ğŸ‡²ğŸ‡º,MU,#Mauritius,Africa
ğŸ‡²ğŸ‡·,MR,Mauritania,Africa
ğŸ‡²ğŸ‡¿,MZ,Mozambique,Africa
ğŸ‡²ğŸ‡¨,MC,#Monaco,Europe
ğŸ‡²ğŸ‡»,MV,#Maldives,Asia
ğŸ‡²ğŸ‡©,MD,Moldova,Europe
ğŸ‡²ğŸ‡¦,MA,Morocco,Africa
ğŸ‡²ğŸ‡³,MN,Mongolia,Asia
ğŸ‡²ğŸ‡ª,ME,#Montenegro,Europe
ğŸ‡¯ğŸ‡´,JO,Jordan,Asia
ğŸ‡±ğŸ‡¦,LA,Laos,Asia
ğŸ‡±ğŸ‡»,LV,Latvia,Europe
ğŸ‡±ğŸ‡¹,LT,Lithuania,Europe
ğŸ‡±ğŸ‡¾,LY,Libya,Africa
ğŸ‡±ğŸ‡®,LI,#Liechtenstein,Europe
ğŸ‡±ğŸ‡·,LR,Liberia,Africa
ğŸ‡·ğŸ‡´,RO,Romania,Europe
ğŸ‡±ğŸ‡º,LU,#Luxembourg,Europe
ğŸ‡·ğŸ‡¼,RW,Rwanda,Africa
ğŸ‡±ğŸ‡¸,LS,Lesotho,Africa
ğŸ‡±ğŸ‡§,LB,#Lebanon,Asia
ğŸ‡·ğŸ‡º,RU,Russia,Europe