ğŸ‡¬ğŸ‡±,GL,Greenland
ğŸ‡®ğŸ‡¸,IS,Iceland
ğŸ‡®ğŸ‡ª,IE,Ireland
ğŸ‡¦ğŸ‡¿,AZ,Azerbaijan
ğŸ‡¦ğŸ‡«,AF,Afghanistan
ğŸ‡ºğŸ‡¸,US,United States
ğŸ‡¦ğŸ‡ª,AE,United Arab Emirates
ğŸ‡©ğŸ‡¿,DZ,Algeria
ğŸ‡¦ğŸ‡·,AR,Argentina
ğŸ‡¦ğŸ‡±,AL,Albania
ğŸ‡¦ğŸ‡²,AM,Armenia
ğŸ‡¦ğŸ‡´,AO,Angola
ğŸ‡¦ğŸ‡¬,AG,#Antigua & Barbuda
ğŸ‡¦ğŸ‡©,AD,#Andorra
ğŸ‡¾ğŸ‡ª,YE,Yemen
ğŸ‡¬ğŸ‡§,GB,United Kingdom
ğŸ‡®ğŸ‡±,IL,Israel
ğŸ‡®ğŸ‡¹,IT,Italy
ğŸ‡®ğŸ‡¶,IQ,Iraq
ğŸ‡®ğŸ‡·,IR,Iran
ğŸ‡®ğŸ‡³,IN,India
ğŸ‡®ğŸ‡©,ID,Indonesia
ğŸ‡ºğŸ‡¬,UG,Uganda
ğŸ‡ºğŸ‡¦,UA,Ukraine
ğŸ‡ºğŸ‡¿,UZ,Uzbekistan
ğŸ‡ºğŸ‡¾,UY,Uruguay
ğŸ‡ªğŸ‡¨,EC,Ecuador
ğŸ‡ªğŸ‡¬,EG,Egypt
ğŸ‡ªğŸ‡ª,EE,Estonia
ğŸ‡¸ğŸ‡¿,SZ,#Eswatini
ğŸ‡ªğŸ‡¹,ET,Ethiopia
ğŸ‡ªğŸ‡·,ER,Eritrea
ğŸ‡¸ğŸ‡»,SV,El Salvador
ğŸ‡¦ğŸ‡º,AU,Australia
ğŸ‡¦ğŸ‡¹,AT,Austria
ğŸ‡´ğŸ‡²,OM,Oman
ğŸ‡³ğŸ‡±,NL,Netherlands
ğŸ‡¬ğŸ‡­,GH,Ghana
ğŸ‡¨ğŸ‡»,CV,#Cape Verde
ğŸ‡¬ğŸ‡¾,GY,Guyana
ğŸ‡°ğŸ‡¿,KZ,Kazakhstan
ğŸ‡¶ğŸ‡¦,QA,#Qatar
ğŸ‡¨ğŸ‡¦,CA,Canada
ğŸ‡¬ğŸ‡¦,GA,Gabon
ğŸ‡¨ğŸ‡²,CM,Cameroon
ğŸ‡°ğŸ‡·,KR,South Korea
ğŸ‡¬ğŸ‡²,GM,#Gambia
ğŸ‡°ğŸ‡­,KH,Cambodia
ğŸ‡°ğŸ‡µ,KP,North Korea
ğŸ‡²ğŸ‡°,MK,North Macedonia
ğŸ‡¬ğŸ‡³,GN,Guinea
ğŸ‡¬ğŸ‡¼,GW,Guinea-Bissau
ğŸ‡¨ğŸ‡¾,CY,#Cyprus
ğŸ‡¨ğŸ‡º,CU,Cuba
ğŸ‡¬ğŸ‡·,GR,Greece
ğŸ‡°ğŸ‡®,KI,#Kiribati
ğŸ‡°ğŸ‡¬,KG,Kyrgyzstan
ğŸ‡¬ğŸ‡¹,GT,Guatemala
ğŸ‡°ğŸ‡¼,KW,#Kuwait
ğŸ‡¨ğŸ‡°,CK,#Cook Islands
ğŸ‡¬ğŸ‡©,GD,#Grenada
ğŸ‡­ğŸ‡·,HR,Croatia
ğŸ‡°ğŸ‡ª,KE,Kenya
ğŸ‡¨ğŸ‡®,CI,CÃ´te dâ€™Ivoire
ğŸ‡¨ğŸ‡·,CR,Costa Rica
ğŸ‡°ğŸ‡²,#KM,Comoros
ğŸ‡¨ğŸ‡´,CO,Colombia
ğŸ‡¨ğŸ‡¬,CG,Congo (Brazzaville)
ğŸ‡¨ğŸ‡©,CD,Congo (Kinshasa)
ğŸ‡¸ğŸ‡¦,SA,Saudi Arabia
ğŸ‡¼ğŸ‡¸,#WS,Samoa
ğŸ‡¸ğŸ‡¹,#ST,SÃ£o TomÃ© & PrÃ­ncipe
ğŸ‡¿ğŸ‡²,ZM,Zambia
ğŸ‡¸ğŸ‡²,#SM,San Marino
ğŸ‡¸ğŸ‡±,SL,Sierra Leone
ğŸ‡©ğŸ‡¯,DJ,Djibouti
ğŸ‡¯ğŸ‡²,#JM,Jamaica
ğŸ‡¬ğŸ‡ª,GE,Georgia
ğŸ‡¸ğŸ‡¾,SY,Syria
ğŸ‡¸ğŸ‡¬,#SG,Singapore
ğŸ‡¿ğŸ‡¼,ZW,Zimbabwe
ğŸ‡¨ğŸ‡­,CH,Switzerland
ğŸ‡¸ğŸ‡ª,SE,Sweden
ğŸ‡¸ğŸ‡©,SD,Sudan
ğŸ‡ªğŸ‡¸,ES,Spain
ğŸ‡¸ğŸ‡·,SR,Suriname
ğŸ‡±ğŸ‡°,LK,Sri Lanka
ğŸ‡¸ğŸ‡°,SK,Slovakia
ğŸ‡¸ğŸ‡®,SI,Slovenia
ğŸ‡¸ğŸ‡¨,SC,#Seychelles
ğŸ‡¬ğŸ‡¶,GQ,Equatorial Guinea
ğŸ‡¸ğŸ‡³,SN,Senegal
ğŸ‡·ğŸ‡¸,RS,Serbia
ğŸ‡°ğŸ‡³,KN,#St. Kitts & Nevis
ğŸ‡»ğŸ‡¨,VC,#St. Vincent & Grenadines
ğŸ‡±ğŸ‡¨,LC,#St. Lucia
ğŸ‡¸ğŸ‡´,SO,Somalia
ğŸ‡¸ğŸ‡§,SB,Solomon Islands
ğŸ‡¹ğŸ‡­,TH,Thailand
ğŸ‡¹ğŸ‡¯,TJ,Tajikistan
ğŸ‡¹ğŸ‡¿,TZ,Tanzania
ğŸ‡¨ğŸ‡¿,CZ,Czechia
ğŸ‡¹ğŸ‡©,TD,Chad
ğŸ‡¨ğŸ‡«,CF,Central African Republic
ğŸ‡¨ğŸ‡³,CN,China
ğŸ‡¹ğŸ‡¼,TW,Taiwan
ğŸ‡¹ğŸ‡³,TN,Tunisia
ğŸ‡¨ğŸ‡±,CL,Chile
ğŸ‡¹ğŸ‡»,TV,#Tuvalu
ğŸ‡©ğŸ‡°,DK,Denmark
ğŸ‡©ğŸ‡ª,DE,Germany
ğŸ‡¹ğŸ‡¬,TG,Togo
ğŸ‡©ğŸ‡´,DO,Dominican Republic
ğŸ‡©ğŸ‡²,DM,#Dominica
ğŸ‡¹ğŸ‡¹,TT,#Trinidad & Tobago
ğŸ‡¹ğŸ‡²,TM,Turkmenistan
ğŸ‡¹ğŸ‡·,TR,Turkey
ğŸ‡¹ğŸ‡´,TO,#Tonga
ğŸ‡³ğŸ‡¬,NG,Nigeria
ğŸ‡³ğŸ‡·,NR,#Nauru
ğŸ‡³ğŸ‡¦,NA,Namibia
ğŸ‡³ğŸ‡º,NU,#Niue
ğŸ‡³ğŸ‡®,NI,Nicaragua
ğŸ‡³ğŸ‡ª,NE,Niger
ğŸ‡ªğŸ‡­,EH,Western Sahara
ğŸ‡¯ğŸ‡µ,JP,Japan
ğŸ‡³ğŸ‡¿,NZ,New Zealand
ğŸ‡³ğŸ‡µ,NP,Nepal
ğŸ‡³ğŸ‡´,NO,Norway
ğŸ‡§ğŸ‡­,BH,#Bahrain
ğŸ‡­ğŸ‡¹,HT,Haiti
ğŸ‡µğŸ‡°,PK,Pakistan
ğŸ‡»ğŸ‡¦,VA,#Vatican City
ğŸ‡µğŸ‡¦,PA,Panama
ğŸ‡»ğŸ‡º,VU,#Vanuatu
ğŸ‡§ğŸ‡¸,BS,#Bahamas
ğŸ‡µğŸ‡¬,PG,Papua New Guinea
ğŸ‡µğŸ‡¼,PW,#Palau
ğŸ‡µğŸ‡¾,PY,Paraguay
ğŸ‡§ğŸ‡§,BB,#Barbados
ğŸ‡µğŸ‡¸,PS,#Palestinian Territories
ğŸ‡­ğŸ‡º,HU,Hungary
ğŸ‡§ğŸ‡©,BD,Bangladesh
ğŸ‡¹ğŸ‡±,TL,#Timor-Leste
ğŸ‡«ğŸ‡¯,FJ,#Fiji
ğŸ‡µğŸ‡­,PH,Philippines
ğŸ‡«ğŸ‡®,FI,Finland
ğŸ‡§ğŸ‡¹,BT,Bhutan
ğŸ‡§ğŸ‡·,BR,Brazil
ğŸ‡«ğŸ‡·,FR,France
ğŸ‡§ğŸ‡¬,BG,Bulgaria
ğŸ‡§ğŸ‡«,BF,Burkina Faso
ğŸ‡§ğŸ‡³,BN,#Brunei
ğŸ‡§ğŸ‡®,BI,Burundi
ğŸ‡»ğŸ‡³,VN,Vietnam
ğŸ‡§ğŸ‡¯,BJ,Benin
ğŸ‡»ğŸ‡ª,VE,Venezuela
ğŸ‡§ğŸ‡¾,BY,Belarus
ğŸ‡§ğŸ‡¿,BZ,Belize
ğŸ‡µğŸ‡ª,PE,Peru
ğŸ‡§ğŸ‡ª,BE,Belgium
ğŸ‡µğŸ‡±,PL,Poland
ğŸ‡§ğŸ‡¦,BA,Bosnia & Herzegovina
ğŸ‡§ğŸ‡¼,BW,Botswana
ğŸ‡§ğŸ‡´,BO,Bolivia
ğŸ‡µğŸ‡¹,PT,Portugal
ğŸ‡­ğŸ‡³,HN,Honduras
ğŸ‡²ğŸ‡­,MH,#Marshall Islands
ğŸ‡²ğŸ‡¬,MG,Madagascar
ğŸ‡²ğŸ‡¼,MW,Malawi
ğŸ‡²ğŸ‡±,ML,Mali
ğŸ‡²ğŸ‡¹,MT,#Malta
ğŸ‡²ğŸ‡¾,MY,Malaysia
ğŸ‡«ğŸ‡²,FM,#Micronesia
ğŸ‡¿ğŸ‡¦,ZA,South Africa
ğŸ‡¸ğŸ‡¸,SS,South Sudan
ğŸ‡²ğŸ‡²,MM,Myanmar
ğŸ‡²ğŸ‡½,MX,Mexico
ğŸ‡²ğŸ‡º,MU,#Mauritius
ğŸ‡²ğŸ‡·,MR,Mauritania
ğŸ‡²ğŸ‡¿,MZ,Mozambique
ğŸ‡²ğŸ‡¨,MC,#Monaco
ğŸ‡²ğŸ‡»,MV,#Maldives
ğŸ‡²ğŸ‡©,MD,Moldova
ğŸ‡²ğŸ‡¦,MA,Morocco
ğŸ‡²ğŸ‡³,MN,Mongolia
ğŸ‡²ğŸ‡ª,ME,#Montenegro
ğŸ‡¯ğŸ‡´,JO,Jordan
ğŸ‡±ğŸ‡¦,LA,Laos
ğŸ‡±ğŸ‡»,LV,Latvia
ğŸ‡±ğŸ‡¹,LT,Lithuania
ğŸ‡±ğŸ‡¾,LY,Libya
ğŸ‡±ğŸ‡®,LI,#Liechtenstein
ğŸ‡±ğŸ‡·,LR,Liberia
ğŸ‡·ğŸ‡´,RO,Romania
ğŸ‡±ğŸ‡º,LU,#Luxembourg
ğŸ‡·ğŸ‡¼,RW,Rwanda
ğŸ‡±ğŸ‡¸,LS,Lesotho
ğŸ‡±ğŸ‡§,LB,#Lebanon
ğŸ‡·ğŸ‡º,RU,Russia